exercise_name,exercise_enum_int,exercise_category,exercise_category_enum_int
alternating_dumbbell_chest_press_on_swiss_ball,0,bench_press,0
barbell_bench_press,1,bench_press,0
barbell_board_bench_press,2,bench_press,0
barbell_floor_press,3,bench_press,0
close_grip_barbell_bench_press,4,bench_press,0
decline_dumbbell_bench_press,5,bench_press,0
dumbbell_bench_press,6,bench_press,0
dumbbell_floor_press,7,bench_press,0
incline_barbell_bench_press,8,bench_press,0
incline_dumbbell_bench_press,9,bench_press,0
incline_smith_machine_bench_press,10,bench_press,0
isometric_barbell_bench_press,11,bench_press,0
kettlebell_chest_press,12,bench_press,0
neutral_grip_dumbbell_bench_press,13,bench_press,0
neutral_grip_dumbbell_incline_bench_press,14,bench_press,0
one_arm_floor_press,15,bench_press,0
weighted_one_arm_floor_press,16,bench_press,0
partial_lockout,17,bench_press,0
reverse_grip_barbell_bench_press,18,bench_press,0
reverse_grip_incline_bench_press,19,bench_press,0
single_arm_cable_chest_press,20,bench_press,0
single_arm_dumbbell_bench_press,21,bench_press,0
smith_machine_bench_press,22,bench_press,0
swiss_ball_dumbbell_chest_press,23,bench_press,0
triple_stop_barbell_bench_press,24,bench_press,0
wide_grip_barbell_bench_press,25,bench_press,0
alternating_dumbbell_chest_press,26,bench_press,0
3_way_calf_raise,0,calf_raise,1
3_way_weighted_calf_raise,1,calf_raise,1
3_way_single_leg_calf_raise,2,calf_raise,1
3_way_weighted_single_leg_calf_raise,3,calf_raise,1
donkey_calf_raise,4,calf_raise,1
weighted_donkey_calf_raise,5,calf_raise,1
seated_calf_raise,6,calf_raise,1
weighted_seated_calf_raise,7,calf_raise,1
seated_dumbbell_toe_raise,8,calf_raise,1
single_leg_bent_knee_calf_raise,9,calf_raise,1
weighted_single_leg_bent_knee_calf_raise,10,calf_raise,1
single_leg_decline_push_up,11,calf_raise,1
single_leg_donkey_calf_raise,12,calf_raise,1
weighted_single_leg_donkey_calf_raise,13,calf_raise,1
single_leg_hip_raise_with_knee_hold,14,calf_raise,1
single_leg_standing_calf_raise,15,calf_raise,1
single_leg_standing_dumbbell_calf_raise,16,calf_raise,1
standing_barbell_calf_raise,17,calf_raise,1
standing_calf_raise,18,calf_raise,1
weighted_standing_calf_raise,19,calf_raise,1
standing_dumbbell_calf_raise,20,calf_raise,1
bob_and_weave_circle,0,cardio,2
weighted_bob_and_weave_circle,1,cardio,2
cardio_core_crawl,2,cardio,2
weighted_cardio_core_crawl,3,cardio,2
double_under,4,cardio,2
weighted_double_under,5,cardio,2
jump_rope,6,cardio,2
weighted_jump_rope,7,cardio,2
jump_rope_crossover,8,cardio,2
weighted_jump_rope_crossover,9,cardio,2
jump_rope_jog,10,cardio,2
weighted_jump_rope_jog,11,cardio,2
jumping_jacks,12,cardio,2
weighted_jumping_jacks,13,cardio,2
ski_moguls,14,cardio,2
weighted_ski_moguls,15,cardio,2
split_jacks,16,cardio,2
weighted_split_jacks,17,cardio,2
squat_jacks,18,cardio,2
weighted_squat_jacks,19,cardio,2
triple_under,20,cardio,2
weighted_triple_under,21,cardio,2
elliptical,22,cardio,2
spinning,23,cardio,2
pole_paddle_forward_wheelchair,24,cardio,2
pole_paddle_backward_wheelchair,25,cardio,2
pole_handcycle_forward_wheelchair,26,cardio,2
pole_handcycle_backward_wheelchair,27,cardio,2
pole_rainbow_wheelchair,28,cardio,2
double_punch_forward_wheelchair,29,cardio,2
double_punch_down_wheelchair,30,cardio,2
double_punch_sideways_wheelchair,31,cardio,2
double_punch_up_wheelchair,32,cardio,2
sit_ski_wheelchair,33,cardio,2
sitting_jacks_wheelchair,34,cardio,2
punch_forward_wheelchair,35,cardio,2
punch_down_wheelchair,36,cardio,2
punch_sideways_wheelchair,37,cardio,2
punch_up_wheelchair,38,cardio,2
punch_bag_wheelchair,39,cardio,2
pole_dd_ff_uu_wheelchair,40,cardio,2
butterfly_arms_wheelchair,41,cardio,2
punch,42,cardio,2
bar_holds,0,carry,3
farmers_walk,1,carry,3
farmers_walk_on_toes,2,carry,3
hex_dumbbell_hold,3,carry,3
overhead_carry,4,carry,3
dumbbell_waiter_carry,5,carry,3
farmers_carry_walk_lunge,6,carry,3
farmers_carry,7,carry,3
farmers_carry_on_toes,8,carry,3
cable_pull_through,0,chop,4
cable_rotational_lift,1,chop,4
cable_woodchop,2,chop,4
cross_chop_to_knee,3,chop,4
weighted_cross_chop_to_knee,4,chop,4
dumbbell_chop,5,chop,4
half_kneeling_rotation,6,chop,4
weighted_half_kneeling_rotation,7,chop,4
half_kneeling_rotational_chop,8,chop,4
half_kneeling_rotational_reverse_chop,9,chop,4
half_kneeling_stability_chop,10,chop,4
half_kneeling_stability_reverse_chop,11,chop,4
kneeling_rotational_chop,12,chop,4
kneeling_rotational_reverse_chop,13,chop,4
kneeling_stability_chop,14,chop,4
kneeling_woodchopper,15,chop,4
medicine_ball_wood_chops,16,chop,4
power_squat_chops,17,chop,4
weighted_power_squat_chops,18,chop,4
standing_rotational_chop,19,chop,4
standing_split_rotational_chop,20,chop,4
standing_split_rotational_reverse_chop,21,chop,4
standing_stability_reverse_chop,22,chop,4
abs_jabs,0,core,5
weighted_abs_jabs,1,core,5
alternating_plate_reach,2,core,5
barbell_rollout,3,core,5
weighted_barbell_rollout,4,core,5
body_bar_oblique_twist,5,core,5
cable_core_press,6,core,5
cable_side_bend,7,core,5
side_bend,8,core,5
weighted_side_bend,9,core,5
crescent_circle,10,core,5
weighted_crescent_circle,11,core,5
cycling_russian_twist,12,core,5
weighted_cycling_russian_twist,13,core,5
elevated_feet_russian_twist,14,core,5
weighted_elevated_feet_russian_twist,15,core,5
half_turkish_get_up,16,core,5
kettlebell_windmill,17,core,5
kneeling_ab_wheel,18,core,5
weighted_kneeling_ab_wheel,19,core,5
modified_front_lever,20,core,5
open_knee_tucks,21,core,5
weighted_open_knee_tucks,22,core,5
side_abs_leg_lift,23,core,5
weighted_side_abs_leg_lift,24,core,5
swiss_ball_jackknife,25,core,5
weighted_swiss_ball_jackknife,26,core,5
swiss_ball_pike,27,core,5
weighted_swiss_ball_pike,28,core,5
swiss_ball_rollout,29,core,5
weighted_swiss_ball_rollout,30,core,5
triangle_hip_press,31,core,5
weighted_triangle_hip_press,32,core,5
trx_suspended_jackknife,33,core,5
weighted_trx_suspended_jackknife,34,core,5
u_boat,35,core,5
weighted_u_boat,36,core,5
windmill_switches,37,core,5
weighted_windmill_switches,38,core,5
alternating_slide_out,39,core,5
weighted_alternating_slide_out,40,core,5
ghd_back_extensions,41,core,5
weighted_ghd_back_extensions,42,core,5
overhead_walk,43,core,5
inchworm,44,core,5
weighted_modified_front_lever,45,core,5
russian_twist,46,core,5
abdominal_leg_rotations,47,core,5
arm_and_leg_extension_on_knees,48,core,5
bicycle,49,core,5
bicep_curl_with_leg_extension,50,core,5
cat_cow,51,core,5
corkscrew,52,core,5
criss_cross,53,core,5
criss_cross_with_ball,54,core,5
double_leg_stretch,55,core,5
knee_folds,56,core,5
lower_lift,57,core,5
neck_pull,58,core,5
pelvic_clocks,59,core,5
roll_over,60,core,5
roll_up,61,core,5
rolling,62,core,5
rowing_1,63,core,5
rowing_2,64,core,5
scissors,65,core,5
single_leg_circles,66,core,5
single_leg_stretch,67,core,5
snake_twist_1_and_2,68,core,5
swan,69,core,5
swimming,70,core,5
teaser,71,core,5
the_hundred,72,core,5
bicep_curl_with_leg_extension_with_weights,73,core,5
hanging_l_sit,75,core,5
lower_lift_with_weights,77,core,5
ring_l_sit,79,core,5
rowing_1_with_weights,80,core,5
rowing_2_with_weights,81,core,5
scissors_with_weights,82,core,5
single_leg_stretch_with_weights,83,core,5
toes_to_elbows,84,core,5
weighted_criss_cross,85,core,5
weighted_double_leg_stretch,86,core,5
weighted_the_hundred,87,core,5
l_sit,88,core,5
turkish_get_up,89,core,5
weighted_ring_l_sit,90,core,5
weighted_hanging_l_sit,91,core,5
weighted_l_sit,92,core,5
side_bend_low_wheelchair,93,core,5
side_bend_mid_wheelchair,94,core,5
side_bend_high_wheelchair,95,core,5
seated_side_bend,96,core,5
bicycle_crunch,0,crunch,6
cable_crunch,1,crunch,6
circular_arm_crunch,2,crunch,6
crossed_arms_crunch,3,crunch,6
weighted_crossed_arms_crunch,4,crunch,6
cross_leg_reverse_crunch,5,crunch,6
weighted_cross_leg_reverse_crunch,6,crunch,6
crunch_chop,7,crunch,6
weighted_crunch_chop,8,crunch,6
double_crunch,9,crunch,6
weighted_double_crunch,10,crunch,6
elbow_to_knee_crunch,11,crunch,6
weighted_elbow_to_knee_crunch,12,crunch,6
flutter_kicks,13,crunch,6
weighted_flutter_kicks,14,crunch,6
foam_roller_reverse_crunch_on_bench,15,crunch,6
weighted_foam_roller_reverse_crunch_on_bench,16,crunch,6
foam_roller_reverse_crunch_with_dumbbell,17,crunch,6
foam_roller_reverse_crunch_with_medicine_ball,18,crunch,6
frog_press,19,crunch,6
hanging_knee_raise_oblique_crunch,20,crunch,6
weighted_hanging_knee_raise_oblique_crunch,21,crunch,6
hip_crossover,22,crunch,6
weighted_hip_crossover,23,crunch,6
hollow_rock,24,crunch,6
weighted_hollow_rock,25,crunch,6
incline_reverse_crunch,26,crunch,6
weighted_incline_reverse_crunch,27,crunch,6
kneeling_cable_crunch,28,crunch,6
kneeling_cross_crunch,29,crunch,6
weighted_kneeling_cross_crunch,30,crunch,6
kneeling_oblique_cable_crunch,31,crunch,6
knees_to_elbow,32,crunch,6
leg_extensions,33,crunch,6
weighted_leg_extensions,34,crunch,6
leg_levers,35,crunch,6
mcgill_curl_up,36,crunch,6
weighted_mcgill_curl_up,37,crunch,6
modified_pilates_roll_up_with_ball,38,crunch,6
weighted_modified_pilates_roll_up_with_ball,39,crunch,6
pilates_crunch,40,crunch,6
weighted_pilates_crunch,41,crunch,6
pilates_roll_up_with_ball,42,crunch,6
weighted_pilates_roll_up_with_ball,43,crunch,6
raised_legs_crunch,44,crunch,6
weighted_raised_legs_crunch,45,crunch,6
reverse_crunch,46,crunch,6
weighted_reverse_crunch,47,crunch,6
reverse_crunch_on_a_bench,48,crunch,6
weighted_reverse_crunch_on_a_bench,49,crunch,6
reverse_curl_and_lift,50,crunch,6
weighted_reverse_curl_and_lift,51,crunch,6
rotational_lift,52,crunch,6
weighted_rotational_lift,53,crunch,6
seated_alternating_reverse_crunch,54,crunch,6
weighted_seated_alternating_reverse_crunch,55,crunch,6
seated_leg_u,56,crunch,6
weighted_seated_leg_u,57,crunch,6
side_to_side_crunch_and_weave,58,crunch,6
weighted_side_to_side_crunch_and_weave,59,crunch,6
single_leg_reverse_crunch,60,crunch,6
weighted_single_leg_reverse_crunch,61,crunch,6
skater_crunch_cross,62,crunch,6
weighted_skater_crunch_cross,63,crunch,6
standing_cable_crunch,64,crunch,6
standing_side_crunch,65,crunch,6
step_climb,66,crunch,6
weighted_step_climb,67,crunch,6
swiss_ball_crunch,68,crunch,6
swiss_ball_reverse_crunch,69,crunch,6
weighted_swiss_ball_reverse_crunch,70,crunch,6
swiss_ball_russian_twist,71,crunch,6
weighted_swiss_ball_russian_twist,72,crunch,6
swiss_ball_side_crunch,73,crunch,6
weighted_swiss_ball_side_crunch,74,crunch,6
thoracic_crunches_on_foam_roller,75,crunch,6
weighted_thoracic_crunches_on_foam_roller,76,crunch,6
triceps_crunch,77,crunch,6
weighted_bicycle_crunch,78,crunch,6
weighted_crunch,79,crunch,6
weighted_swiss_ball_crunch,80,crunch,6
toes_to_bar,81,crunch,6
weighted_toes_to_bar,82,crunch,6
crunch,83,crunch,6
straight_leg_crunch_with_ball,84,crunch,6
leg_climb_crunch,86,crunch,6
alternating_dumbbell_biceps_curl,0,curl,7
alternating_dumbbell_biceps_curl_on_swiss_ball,1,curl,7
alternating_incline_dumbbell_biceps_curl,2,curl,7
barbell_biceps_curl,3,curl,7
barbell_reverse_wrist_curl,4,curl,7
barbell_wrist_curl,5,curl,7
behind_the_back_barbell_reverse_wrist_curl,6,curl,7
behind_the_back_one_arm_cable_curl,7,curl,7
cable_biceps_curl,8,curl,7
cable_hammer_curl,9,curl,7
cheating_barbell_biceps_curl,10,curl,7
close_grip_ez_bar_biceps_curl,11,curl,7
cross_body_dumbbell_hammer_curl,12,curl,7
dead_hang_biceps_curl,13,curl,7
decline_hammer_curl,14,curl,7
dumbbell_biceps_curl_with_static_hold,15,curl,7
dumbbell_hammer_curl,16,curl,7
dumbbell_reverse_wrist_curl,17,curl,7
dumbbell_wrist_curl,18,curl,7
ez_bar_preacher_curl,19,curl,7
forward_bend_biceps_curl,20,curl,7
hammer_curl_to_press,21,curl,7
incline_dumbbell_biceps_curl,22,curl,7
incline_offset_thumb_dumbbell_curl,23,curl,7
kettlebell_biceps_curl,24,curl,7
lying_concentration_cable_curl,25,curl,7
one_arm_preacher_curl,26,curl,7
plate_pinch_curl,27,curl,7
preacher_curl_with_cable,28,curl,7
reverse_ez_bar_curl,29,curl,7
reverse_grip_wrist_curl,30,curl,7
reverse_grip_barbell_biceps_curl,31,curl,7
seated_alternating_dumbbell_biceps_curl,32,curl,7
seated_dumbbell_biceps_curl,33,curl,7
seated_reverse_dumbbell_curl,34,curl,7
split_stance_offset_pinky_dumbbell_curl,35,curl,7
standing_alternating_dumbbell_curls,36,curl,7
standing_dumbbell_biceps_curl,37,curl,7
standing_ez_bar_biceps_curl,38,curl,7
static_curl,39,curl,7
swiss_ball_dumbbell_overhead_triceps_extension,40,curl,7
swiss_ball_ez_bar_preacher_curl,41,curl,7
twisting_standing_dumbbell_biceps_curl,42,curl,7
wide_grip_ez_bar_biceps_curl,43,curl,7
one_arm_concentration_curl,44,curl,7
standing_zottman_biceps_curl,45,curl,7
dumbbell_biceps_curl,46,curl,7
drag_curl_wheelchair,47,curl,7
dumbbell_biceps_curl_wheelchair,48,curl,7
bottle_curl,49,curl,7
seated_bottle_curl,50,curl,7
barbell_deadlift,0,deadlift,8
barbell_straight_leg_deadlift,1,deadlift,8
dumbbell_deadlift,2,deadlift,8
dumbbell_single_leg_deadlift_to_row,3,deadlift,8
dumbbell_straight_leg_deadlift,4,deadlift,8
kettlebell_floor_to_shelf,5,deadlift,8
one_arm_one_leg_deadlift,6,deadlift,8
rack_pull,7,deadlift,8
rotational_dumbbell_straight_leg_deadlift,8,deadlift,8
single_arm_deadlift,9,deadlift,8
single_leg_barbell_deadlift,10,deadlift,8
single_leg_barbell_straight_leg_deadlift,11,deadlift,8
single_leg_deadlift_with_barbell,12,deadlift,8
single_leg_rdl_circuit,13,deadlift,8
single_leg_romanian_deadlift_with_dumbbell,14,deadlift,8
sumo_deadlift,15,deadlift,8
sumo_deadlift_high_pull,16,deadlift,8
trap_bar_deadlift,17,deadlift,8
wide_grip_barbell_deadlift,18,deadlift,8
kettlebell_deadlift,20,deadlift,8
kettlebell_sumo_deadlift,21,deadlift,8
romanian_deadlift,23,deadlift,8
single_leg_romanian_deadlift_circuit,24,deadlift,8
straight_leg_deadlift,25,deadlift,8
cable_crossover,0,flye,9
decline_dumbbell_flye,1,flye,9
dumbbell_flye,2,flye,9
incline_dumbbell_flye,3,flye,9
kettlebell_flye,4,flye,9
kneeling_rear_flye,5,flye,9
single_arm_standing_cable_reverse_flye,6,flye,9
swiss_ball_dumbbell_flye,7,flye,9
arm_rotations,8,flye,9
hug_a_tree,9,flye,9
face_down_incline_reverse_flye,10,flye,9
incline_reverse_flye,11,flye,9
rear_delt_fly_wheelchair,12,flye,9
barbell_hip_thrust_on_floor,0,hip_raise,10
barbell_hip_thrust_with_bench,1,hip_raise,10
bent_knee_swiss_ball_reverse_hip_raise,2,hip_raise,10
weighted_bent_knee_swiss_ball_reverse_hip_raise,3,hip_raise,10
bridge_with_leg_extension,4,hip_raise,10
weighted_bridge_with_leg_extension,5,hip_raise,10
clam_bridge,6,hip_raise,10
front_kick_tabletop,7,hip_raise,10
weighted_front_kick_tabletop,8,hip_raise,10
hip_extension_and_cross,9,hip_raise,10
weighted_hip_extension_and_cross,10,hip_raise,10
hip_raise,11,hip_raise,10
weighted_hip_raise,12,hip_raise,10
hip_raise_with_feet_on_swiss_ball,13,hip_raise,10
weighted_hip_raise_with_feet_on_swiss_ball,14,hip_raise,10
hip_raise_with_head_on_bosu_ball,15,hip_raise,10
weighted_hip_raise_with_head_on_bosu_ball,16,hip_raise,10
hip_raise_with_head_on_swiss_ball,17,hip_raise,10
weighted_hip_raise_with_head_on_swiss_ball,18,hip_raise,10
hip_raise_with_knee_squeeze,19,hip_raise,10
weighted_hip_raise_with_knee_squeeze,20,hip_raise,10
incline_rear_leg_extension,21,hip_raise,10
weighted_incline_rear_leg_extension,22,hip_raise,10
kettlebell_swing,23,hip_raise,10
marching_hip_raise,24,hip_raise,10
weighted_marching_hip_raise,25,hip_raise,10
marching_hip_raise_with_feet_on_a_swiss_ball,26,hip_raise,10
weighted_marching_hip_raise_with_feet_on_a_swiss_ball,27,hip_raise,10
reverse_hip_raise,28,hip_raise,10
weighted_reverse_hip_raise,29,hip_raise,10
single_leg_hip_raise,30,hip_raise,10
weighted_single_leg_hip_raise,31,hip_raise,10
single_leg_hip_raise_with_foot_on_bench,32,hip_raise,10
weighted_single_leg_hip_raise_with_foot_on_bench,33,hip_raise,10
single_leg_hip_raise_with_foot_on_bosu_ball,34,hip_raise,10
weighted_single_leg_hip_raise_with_foot_on_bosu_ball,35,hip_raise,10
single_leg_hip_raise_with_foot_on_foam_roller,36,hip_raise,10
weighted_single_leg_hip_raise_with_foot_on_foam_roller,37,hip_raise,10
single_leg_hip_raise_with_foot_on_medicine_ball,38,hip_raise,10
weighted_single_leg_hip_raise_with_foot_on_medicine_ball,39,hip_raise,10
single_leg_hip_raise_with_head_on_bosu_ball,40,hip_raise,10
weighted_single_leg_hip_raise_with_head_on_bosu_ball,41,hip_raise,10
weighted_clam_bridge,42,hip_raise,10
single_leg_swiss_ball_hip_raise_and_leg_curl,43,hip_raise,10
clams,44,hip_raise,10
inner_thigh_circles,45,hip_raise,10
inner_thigh_side_lift,46,hip_raise,10
leg_circles,47,hip_raise,10
leg_lift,48,hip_raise,10
leg_lift_in_external_rotation,49,hip_raise,10
band_side_lying_leg_raise,0,hip_stability,11
dead_bug,1,hip_stability,11
weighted_dead_bug,2,hip_stability,11
external_hip_raise,3,hip_stability,11
weighted_external_hip_raise,4,hip_stability,11
fire_hydrant_kicks,5,hip_stability,11
weighted_fire_hydrant_kicks,6,hip_stability,11
hip_circles,7,hip_stability,11
weighted_hip_circles,8,hip_stability,11
inner_thigh_lift,9,hip_stability,11
weighted_inner_thigh_lift,10,hip_stability,11
lateral_walks_with_band_at_ankles,11,hip_stability,11
pretzel_side_kick,12,hip_stability,11
weighted_pretzel_side_kick,13,hip_stability,11
prone_hip_internal_rotation,14,hip_stability,11
weighted_prone_hip_internal_rotation,15,hip_stability,11
quadruped,16,hip_stability,11
quadruped_hip_extension,17,hip_stability,11
weighted_quadruped_hip_extension,18,hip_stability,11
quadruped_with_leg_lift,19,hip_stability,11
weighted_quadruped_with_leg_lift,20,hip_stability,11
side_lying_leg_raise,21,hip_stability,11
weighted_side_lying_leg_raise,22,hip_stability,11
sliding_hip_adduction,23,hip_stability,11
weighted_sliding_hip_adduction,24,hip_stability,11
standing_adduction,25,hip_stability,11
weighted_standing_adduction,26,hip_stability,11
standing_cable_hip_abduction,27,hip_stability,11
standing_hip_abduction,28,hip_stability,11
weighted_standing_hip_abduction,29,hip_stability,11
standing_rear_leg_raise,30,hip_stability,11
weighted_standing_rear_leg_raise,31,hip_stability,11
supine_hip_internal_rotation,32,hip_stability,11
weighted_supine_hip_internal_rotation,33,hip_stability,11
lying_abduction_stretch,34,hip_stability,11
single_arm_kettlebell_swing,0,hip_swing,12
single_arm_dumbbell_swing,1,hip_swing,12
step_out_swing,2,hip_swing,12
one_arm_swing,3,hip_swing,12
back_extension_with_opposite_arm_and_leg_reach,0,hyperextension,13
weighted_back_extension_with_opposite_arm_and_leg_reach,1,hyperextension,13
base_rotations,2,hyperextension,13
weighted_base_rotations,3,hyperextension,13
bent_knee_reverse_hyperextension,4,hyperextension,13
weighted_bent_knee_reverse_hyperextension,5,hyperextension,13
hollow_hold_and_roll,6,hyperextension,13
weighted_hollow_hold_and_roll,7,hyperextension,13
kicks,8,hyperextension,13
weighted_kicks,9,hyperextension,13
knee_raises,10,hyperextension,13
weighted_knee_raises,11,hyperextension,13
kneeling_superman,12,hyperextension,13
weighted_kneeling_superman,13,hyperextension,13
lat_pull_down_with_row,14,hyperextension,13
medicine_ball_deadlift_to_reach,15,hyperextension,13
one_arm_one_leg_row,16,hyperextension,13
one_arm_row_with_band,17,hyperextension,13
overhead_lunge_with_medicine_ball,18,hyperextension,13
plank_knee_tucks,19,hyperextension,13
weighted_plank_knee_tucks,20,hyperextension,13
side_step,21,hyperextension,13
weighted_side_step,22,hyperextension,13
single_leg_back_extension,23,hyperextension,13
weighted_single_leg_back_extension,24,hyperextension,13
spine_extension,25,hyperextension,13
weighted_spine_extension,26,hyperextension,13
static_back_extension,27,hyperextension,13
weighted_static_back_extension,28,hyperextension,13
superman_from_floor,29,hyperextension,13
weighted_superman_from_floor,30,hyperextension,13
swiss_ball_back_extension,31,hyperextension,13
weighted_swiss_ball_back_extension,32,hyperextension,13
swiss_ball_hyperextension,33,hyperextension,13
weighted_swiss_ball_hyperextension,34,hyperextension,13
swiss_ball_opposite_arm_and_leg_lift,35,hyperextension,13
weighted_swiss_ball_opposite_arm_and_leg_lift,36,hyperextension,13
superman_on_swiss_ball,37,hyperextension,13
cobra,38,hyperextension,13
supine_floor_barre,39,hyperextension,13
45_degree_cable_external_rotation,0,lateral_raise,14
alternating_lateral_raise_with_static_hold,1,lateral_raise,14
bar_muscle_up,2,lateral_raise,14
bent_over_lateral_raise,3,lateral_raise,14
cable_diagonal_raise,4,lateral_raise,14
cable_front_raise,5,lateral_raise,14
calorie_row,6,lateral_raise,14
combo_shoulder_raise,7,lateral_raise,14
dumbbell_diagonal_raise,8,lateral_raise,14
dumbbell_v_raise,9,lateral_raise,14
front_raise,10,lateral_raise,14
leaning_dumbbell_lateral_raise,11,lateral_raise,14
lying_dumbbell_raise,12,lateral_raise,14
muscle_up,13,lateral_raise,14
one_arm_cable_lateral_raise,14,lateral_raise,14
overhand_grip_rear_lateral_raise,15,lateral_raise,14
plate_raises,16,lateral_raise,14
ring_dip,17,lateral_raise,14
weighted_ring_dip,18,lateral_raise,14
ring_muscle_up,19,lateral_raise,14
weighted_ring_muscle_up,20,lateral_raise,14
rope_climb,21,lateral_raise,14
weighted_rope_climb,22,lateral_raise,14
scaption,23,lateral_raise,14
seated_lateral_raise,24,lateral_raise,14
seated_rear_lateral_raise,25,lateral_raise,14
side_lying_lateral_raise,26,lateral_raise,14
standing_lift,27,lateral_raise,14
suspended_row,28,lateral_raise,14
underhand_grip_rear_lateral_raise,29,lateral_raise,14
wall_slide,30,lateral_raise,14
weighted_wall_slide,31,lateral_raise,14
arm_circles,32,lateral_raise,14
shaving_the_head,33,lateral_raise,14
dumbbell_lateral_raise,34,lateral_raise,14
ring_dip_kipping,36,lateral_raise,14
wall_walk,37,lateral_raise,14
dumbbell_front_raise_wheelchair,38,lateral_raise,14
dumbbell_lateral_raise_wheelchair,39,lateral_raise,14
pole_double_arm_overhead_and_forward_wheelchair,40,lateral_raise,14
pole_straight_arm_overhead_wheelchair,41,lateral_raise,14
leg_curl,0,leg_curl,15
weighted_leg_curl,1,leg_curl,15
good_morning,2,leg_curl,15
seated_barbell_good_morning,3,leg_curl,15
single_leg_barbell_good_morning,4,leg_curl,15
single_leg_sliding_leg_curl,5,leg_curl,15
sliding_leg_curl,6,leg_curl,15
split_barbell_good_morning,7,leg_curl,15
split_stance_extension,8,leg_curl,15
staggered_stance_good_morning,9,leg_curl,15
swiss_ball_hip_raise_and_leg_curl,10,leg_curl,15
zercher_good_morning,11,leg_curl,15
band_good_morning,12,leg_curl,15
bar_good_morning,13,leg_curl,15
hanging_knee_raise,0,leg_raise,16
hanging_leg_raise,1,leg_raise,16
weighted_hanging_leg_raise,2,leg_raise,16
hanging_single_leg_raise,3,leg_raise,16
weighted_hanging_single_leg_raise,4,leg_raise,16
kettlebell_leg_raises,5,leg_raise,16
leg_lowering_drill,6,leg_raise,16
weighted_leg_lowering_drill,7,leg_raise,16
lying_straight_leg_raise,8,leg_raise,16
weighted_lying_straight_leg_raise,9,leg_raise,16
medicine_ball_leg_drops,10,leg_raise,16
quadruped_leg_raise,11,leg_raise,16
weighted_quadruped_leg_raise,12,leg_raise,16
reverse_leg_raise,13,leg_raise,16
weighted_reverse_leg_raise,14,leg_raise,16
reverse_leg_raise_on_swiss_ball,15,leg_raise,16
weighted_reverse_leg_raise_on_swiss_ball,16,leg_raise,16
single_leg_lowering_drill,17,leg_raise,16
weighted_single_leg_lowering_drill,18,leg_raise,16
weighted_hanging_knee_raise,19,leg_raise,16
lateral_stepover,20,leg_raise,16
weighted_lateral_stepover,21,leg_raise,16
overhead_lunge,0,lunge,17
lunge_matrix,1,lunge,17
weighted_lunge_matrix,2,lunge,17
alternating_barbell_forward_lunge,3,lunge,17
alternating_dumbbell_lunge_with_reach,4,lunge,17
back_foot_elevated_dumbbell_split_squat,5,lunge,17
barbell_box_lunge,6,lunge,17
barbell_bulgarian_split_squat,7,lunge,17
barbell_crossover_lunge,8,lunge,17
barbell_front_split_squat,9,lunge,17
barbell_lunge,10,lunge,17
barbell_reverse_lunge,11,lunge,17
barbell_side_lunge,12,lunge,17
barbell_split_squat,13,lunge,17
core_control_rear_lunge,14,lunge,17
diagonal_lunge,15,lunge,17
drop_lunge,16,lunge,17
dumbbell_box_lunge,17,lunge,17
dumbbell_bulgarian_split_squat,18,lunge,17
dumbbell_crossover_lunge,19,lunge,17
dumbbell_diagonal_lunge,20,lunge,17
dumbbell_lunge,21,lunge,17
dumbbell_lunge_and_rotation,22,lunge,17
dumbbell_overhead_bulgarian_split_squat,23,lunge,17
dumbbell_reverse_lunge_to_high_knee_and_press,24,lunge,17
dumbbell_side_lunge,25,lunge,17
elevated_front_foot_barbell_split_squat,26,lunge,17
front_foot_elevated_dumbbell_split_squat,27,lunge,17
gunslinger_lunge,28,lunge,17
lawnmower_lunge,29,lunge,17
low_lunge_with_isometric_adduction,30,lunge,17
low_side_to_side_lunge,31,lunge,17
lunge,32,lunge,17
weighted_lunge,33,lunge,17
lunge_with_arm_reach,34,lunge,17
lunge_with_diagonal_reach,35,lunge,17
lunge_with_side_bend,36,lunge,17
offset_dumbbell_lunge,37,lunge,17
offset_dumbbell_reverse_lunge,38,lunge,17
overhead_bulgarian_split_squat,39,lunge,17
overhead_dumbbell_reverse_lunge,40,lunge,17
overhead_dumbbell_split_squat,41,lunge,17
overhead_lunge_with_rotation,42,lunge,17
reverse_barbell_box_lunge,43,lunge,17
reverse_box_lunge,44,lunge,17
reverse_dumbbell_box_lunge,45,lunge,17
reverse_dumbbell_crossover_lunge,46,lunge,17
reverse_dumbbell_diagonal_lunge,47,lunge,17
reverse_lunge_with_reach_back,48,lunge,17
weighted_reverse_lunge_with_reach_back,49,lunge,17
reverse_lunge_with_twist_and_overhead_reach,50,lunge,17
weighted_reverse_lunge_with_twist_and_overhead_reach,51,lunge,17
reverse_sliding_box_lunge,52,lunge,17
weighted_reverse_sliding_box_lunge,53,lunge,17
reverse_sliding_lunge,54,lunge,17
weighted_reverse_sliding_lunge,55,lunge,17
runners_lunge_to_balance,56,lunge,17
weighted_runners_lunge_to_balance,57,lunge,17
shifting_side_lunge,58,lunge,17
side_and_crossover_lunge,59,lunge,17
weighted_side_and_crossover_lunge,60,lunge,17
side_lunge,61,lunge,17
weighted_side_lunge,62,lunge,17
side_lunge_and_press,63,lunge,17
side_lunge_jump_off,64,lunge,17
side_lunge_sweep,65,lunge,17
weighted_side_lunge_sweep,66,lunge,17
side_lunge_to_crossover_tap,67,lunge,17
weighted_side_lunge_to_crossover_tap,68,lunge,17
side_to_side_lunge_chops,69,lunge,17
weighted_side_to_side_lunge_chops,70,lunge,17
siff_jump_lunge,71,lunge,17
weighted_siff_jump_lunge,72,lunge,17
single_arm_reverse_lunge_and_press,73,lunge,17
sliding_lateral_lunge,74,lunge,17
weighted_sliding_lateral_lunge,75,lunge,17
walking_barbell_lunge,76,lunge,17
walking_dumbbell_lunge,77,lunge,17
walking_lunge,78,lunge,17
weighted_walking_lunge,79,lunge,17
wide_grip_overhead_barbell_split_squat,80,lunge,17
alternating_dumbbell_lunge,81,lunge,17
dumbbell_reverse_lunge,82,lunge,17
overhead_dumbbell_lunge,83,lunge,17
scissor_power_switch,84,lunge,17
dumbbell_overhead_walking_lunge,85,lunge,17
curtsy_lunge,86,lunge,17
weighted_curtsy_lunge,87,lunge,17
weighted_shifting_side_lunge,88,lunge,17
weighted_side_lunge_and_press,89,lunge,17
weighted_side_lunge_jump_off,90,lunge,17
barbell_hang_power_clean,0,olympic_lift,18
barbell_hang_squat_clean,1,olympic_lift,18
barbell_power_clean,2,olympic_lift,18
barbell_power_snatch,3,olympic_lift,18
barbell_squat_clean,4,olympic_lift,18
clean_and_jerk,5,olympic_lift,18
barbell_hang_power_snatch,6,olympic_lift,18
barbell_hang_pull,7,olympic_lift,18
barbell_high_pull,8,olympic_lift,18
barbell_snatch,9,olympic_lift,18
barbell_split_jerk,10,olympic_lift,18
clean,11,olympic_lift,18
dumbbell_clean,12,olympic_lift,18
dumbbell_hang_pull,13,olympic_lift,18
one_hand_dumbbell_split_snatch,14,olympic_lift,18
push_jerk,15,olympic_lift,18
single_arm_dumbbell_snatch,16,olympic_lift,18
single_arm_hang_snatch,17,olympic_lift,18
single_arm_kettlebell_snatch,18,olympic_lift,18
split_jerk,19,olympic_lift,18
squat_clean_and_jerk,20,olympic_lift,18
dumbbell_hang_snatch,21,olympic_lift,18
dumbbell_power_clean_and_jerk,22,olympic_lift,18
dumbbell_power_clean_and_push_press,23,olympic_lift,18
dumbbell_power_clean_and_strict_press,24,olympic_lift,18
dumbbell_snatch,25,olympic_lift,18
medicine_ball_clean,26,olympic_lift,18
clean_and_press,27,olympic_lift,18
snatch,28,olympic_lift,18
45_degree_plank,0,plank,19
weighted_45_degree_plank,1,plank,19
90_degree_static_hold,2,plank,19
weighted_90_degree_static_hold,3,plank,19
bear_crawl,4,plank,19
weighted_bear_crawl,5,plank,19
cross_body_mountain_climber,6,plank,19
weighted_cross_body_mountain_climber,7,plank,19
elbow_plank_pike_jacks,8,plank,19
weighted_elbow_plank_pike_jacks,9,plank,19
elevated_feet_plank,10,plank,19
weighted_elevated_feet_plank,11,plank,19
elevator_abs,12,plank,19
weighted_elevator_abs,13,plank,19
extended_plank,14,plank,19
weighted_extended_plank,15,plank,19
full_plank_passe_twist,16,plank,19
weighted_full_plank_passe_twist,17,plank,19
inching_elbow_plank,18,plank,19
weighted_inching_elbow_plank,19,plank,19
inchworm_to_side_plank,20,plank,19
weighted_inchworm_to_side_plank,21,plank,19
kneeling_plank,22,plank,19
weighted_kneeling_plank,23,plank,19
kneeling_side_plank_with_leg_lift,24,plank,19
weighted_kneeling_side_plank_with_leg_lift,25,plank,19
lateral_roll,26,plank,19
weighted_lateral_roll,27,plank,19
lying_reverse_plank,28,plank,19
weighted_lying_reverse_plank,29,plank,19
medicine_ball_mountain_climber,30,plank,19
weighted_medicine_ball_mountain_climber,31,plank,19
modified_mountain_climber_and_extension,32,plank,19
weighted_modified_mountain_climber_and_extension,33,plank,19
mountain_climber,34,plank,19
weighted_mountain_climber,35,plank,19
mountain_climber_on_sliding_discs,36,plank,19
weighted_mountain_climber_on_sliding_discs,37,plank,19
mountain_climber_with_feet_on_bosu_ball,38,plank,19
weighted_mountain_climber_with_feet_on_bosu_ball,39,plank,19
mountain_climber_with_hands_on_bench,40,plank,19
mountain_climber_with_hands_on_swiss_ball,41,plank,19
weighted_mountain_climber_with_hands_on_swiss_ball,42,plank,19
plank,43,plank,19
plank_jacks_with_feet_on_sliding_discs,44,plank,19
weighted_plank_jacks_with_feet_on_sliding_discs,45,plank,19
plank_knee_twist,46,plank,19
weighted_plank_knee_twist,47,plank,19
plank_pike_jumps,48,plank,19
weighted_plank_pike_jumps,49,plank,19
plank_pikes,50,plank,19
weighted_plank_pikes,51,plank,19
plank_to_stand_up,52,plank,19
weighted_plank_to_stand_up,53,plank,19
plank_with_arm_raise,54,plank,19
weighted_plank_with_arm_raise,55,plank,19
plank_with_knee_to_elbow,56,plank,19
weighted_plank_with_knee_to_elbow,57,plank,19
plank_with_oblique_crunch,58,plank,19
weighted_plank_with_oblique_crunch,59,plank,19
plyometric_side_plank,60,plank,19
weighted_plyometric_side_plank,61,plank,19
rolling_side_plank,62,plank,19
weighted_rolling_side_plank,63,plank,19
side_kick_plank,64,plank,19
weighted_side_kick_plank,65,plank,19
side_plank,66,plank,19
weighted_side_plank,67,plank,19
side_plank_and_row,68,plank,19
weighted_side_plank_and_row,69,plank,19
side_plank_lift,70,plank,19
weighted_side_plank_lift,71,plank,19
side_plank_with_elbow_on_bosu_ball,72,plank,19
weighted_side_plank_with_elbow_on_bosu_ball,73,plank,19
side_plank_with_feet_on_bench,74,plank,19
weighted_side_plank_with_feet_on_bench,75,plank,19
side_plank_with_knee_circle,76,plank,19
weighted_side_plank_with_knee_circle,77,plank,19
side_plank_with_knee_tuck,78,plank,19
weighted_side_plank_with_knee_tuck,79,plank,19
side_plank_with_leg_lift,80,plank,19
weighted_side_plank_with_leg_lift,81,plank,19
side_plank_with_reach_under,82,plank,19
weighted_side_plank_with_reach_under,83,plank,19
single_leg_elevated_feet_plank,84,plank,19
weighted_single_leg_elevated_feet_plank,85,plank,19
single_leg_flex_and_extend,86,plank,19
weighted_single_leg_flex_and_extend,87,plank,19
single_leg_side_plank,88,plank,19
weighted_single_leg_side_plank,89,plank,19
spiderman_plank,90,plank,19
weighted_spiderman_plank,91,plank,19
straight_arm_plank,92,plank,19
weighted_straight_arm_plank,93,plank,19
straight_arm_plank_with_shoulder_touch,94,plank,19
weighted_straight_arm_plank_with_shoulder_touch,95,plank,19
swiss_ball_plank,96,plank,19
weighted_swiss_ball_plank,97,plank,19
swiss_ball_plank_leg_lift,98,plank,19
weighted_swiss_ball_plank_leg_lift,99,plank,19
swiss_ball_plank_leg_lift_and_hold,100,plank,19
swiss_ball_plank_with_feet_on_bench,101,plank,19
weighted_swiss_ball_plank_with_feet_on_bench,102,plank,19
swiss_ball_prone_jackknife,103,plank,19
weighted_swiss_ball_prone_jackknife,104,plank,19
swiss_ball_side_plank,105,plank,19
weighted_swiss_ball_side_plank,106,plank,19
three_way_plank,107,plank,19
weighted_three_way_plank,108,plank,19
towel_plank_and_knee_in,109,plank,19
weighted_towel_plank_and_knee_in,110,plank,19
t_stabilization,111,plank,19
weighted_t_stabilization,112,plank,19
turkish_get_up_to_side_plank,113,plank,19
weighted_turkish_get_up_to_side_plank,114,plank,19
two_point_plank,115,plank,19
weighted_two_point_plank,116,plank,19
weighted_plank,117,plank,19
wide_stance_plank_with_diagonal_arm_lift,118,plank,19
weighted_wide_stance_plank_with_diagonal_arm_lift,119,plank,19
wide_stance_plank_with_diagonal_leg_lift,120,plank,19
weighted_wide_stance_plank_with_diagonal_leg_lift,121,plank,19
wide_stance_plank_with_leg_lift,122,plank,19
weighted_wide_stance_plank_with_leg_lift,123,plank,19
wide_stance_plank_with_opposite_arm_and_leg_lift,124,plank,19
weighted_mountain_climber_with_hands_on_bench,125,plank,19
weighted_swiss_ball_plank_leg_lift_and_hold,126,plank,19
weighted_wide_stance_plank_with_opposite_arm_and_leg_lift,127,plank,19
plank_with_feet_on_swiss_ball,128,plank,19
side_plank_to_plank_with_reach_under,129,plank,19
bridge_with_glute_lower_lift,130,plank,19
bridge_one_leg_bridge,131,plank,19
plank_with_arm_variations,132,plank,19
plank_with_leg_lift,133,plank,19
reverse_plank_with_leg_pull,134,plank,19
ring_plank_sprawls,135,plank,19
alternating_jump_lunge,0,plyo,20
weighted_alternating_jump_lunge,1,plyo,20
barbell_jump_squat,2,plyo,20
body_weight_jump_squat,3,plyo,20
weighted_jump_squat,4,plyo,20
cross_knee_strike,5,plyo,20
weighted_cross_knee_strike,6,plyo,20
depth_jump,7,plyo,20
weighted_depth_jump,8,plyo,20
dumbbell_jump_squat,9,plyo,20
dumbbell_split_jump,10,plyo,20
front_knee_strike,11,plyo,20
weighted_front_knee_strike,12,plyo,20
high_box_jump,13,plyo,20
weighted_high_box_jump,14,plyo,20
isometric_explosive_body_weight_jump_squat,15,plyo,20
weighted_isometric_explosive_jump_squat,16,plyo,20
lateral_leap_and_hop,17,plyo,20
weighted_lateral_leap_and_hop,18,plyo,20
lateral_plyo_squats,19,plyo,20
weighted_lateral_plyo_squats,20,plyo,20
lateral_slide,21,plyo,20
weighted_lateral_slide,22,plyo,20
medicine_ball_overhead_throws,23,plyo,20
medicine_ball_side_throw,24,plyo,20
medicine_ball_slam,25,plyo,20
side_to_side_medicine_ball_throws,26,plyo,20
side_to_side_shuffle_jump,27,plyo,20
weighted_side_to_side_shuffle_jump,28,plyo,20
squat_jump_onto_box,29,plyo,20
weighted_squat_jump_onto_box,30,plyo,20
squat_jumps_in_and_out,31,plyo,20
weighted_squat_jumps_in_and_out,32,plyo,20
box_jump,33,plyo,20
box_jump_overs,34,plyo,20
box_jump_overs_over_the_box,35,plyo,20
star_jump_squats,36,plyo,20
jump_squat,37,plyo,20
banded_pull_ups,0,pull_up,21
30_degree_lat_pulldown,1,pull_up,21
band_assisted_chin_up,2,pull_up,21
close_grip_chin_up,3,pull_up,21
weighted_close_grip_chin_up,4,pull_up,21
close_grip_lat_pulldown,5,pull_up,21
crossover_chin_up,6,pull_up,21
weighted_crossover_chin_up,7,pull_up,21
ez_bar_pullover,8,pull_up,21
hanging_hurdle,9,pull_up,21
weighted_hanging_hurdle,10,pull_up,21
kneeling_lat_pulldown,11,pull_up,21
kneeling_underhand_grip_lat_pulldown,12,pull_up,21
lat_pulldown,13,pull_up,21
mixed_grip_chin_up,14,pull_up,21
weighted_mixed_grip_chin_up,15,pull_up,21
mixed_grip_pull_up,16,pull_up,21
weighted_mixed_grip_pull_up,17,pull_up,21
reverse_grip_pulldown,18,pull_up,21
standing_cable_pullover,19,pull_up,21
straight_arm_pulldown,20,pull_up,21
swiss_ball_ez_bar_pullover,21,pull_up,21
towel_pull_up,22,pull_up,21
weighted_towel_pull_up,23,pull_up,21
weighted_pull_up,24,pull_up,21
wide_grip_lat_pulldown,25,pull_up,21
wide_grip_pull_up,26,pull_up,21
weighted_wide_grip_pull_up,27,pull_up,21
burpee_pull_up,28,pull_up,21
weighted_burpee_pull_up,29,pull_up,21
jumping_pull_ups,30,pull_up,21
weighted_jumping_pull_ups,31,pull_up,21
kipping_pull_up,32,pull_up,21
weighted_kipping_pull_up,33,pull_up,21
l_pull_up,34,pull_up,21
weighted_l_pull_up,35,pull_up,21
suspended_chin_up,36,pull_up,21
weighted_suspended_chin_up,37,pull_up,21
pull_up,38,pull_up,21
chin_up,39,pull_up,21
neutral_grip_chin_up,40,pull_up,21
weighted_chin_up,41,pull_up,21
band_assisted_pull_up,42,pull_up,21
neutral_grip_pull_up,43,pull_up,21
weighted_neutral_grip_chin_up,44,pull_up,21
weighted_neutral_grip_pull_up,45,pull_up,21
chest_press_with_band,0,push_up,22
alternating_staggered_push_up,1,push_up,22
weighted_alternating_staggered_push_up,2,push_up,22
alternating_hands_medicine_ball_push_up,3,push_up,22
weighted_alternating_hands_medicine_ball_push_up,4,push_up,22
bosu_ball_push_up,5,push_up,22
weighted_bosu_ball_push_up,6,push_up,22
clapping_push_up,7,push_up,22
weighted_clapping_push_up,8,push_up,22
close_grip_medicine_ball_push_up,9,push_up,22
weighted_close_grip_medicine_ball_push_up,10,push_up,22
close_hands_push_up,11,push_up,22
weighted_close_hands_push_up,12,push_up,22
decline_push_up,13,push_up,22
weighted_decline_push_up,14,push_up,22
diamond_push_up,15,push_up,22
weighted_diamond_push_up,16,push_up,22
explosive_crossover_push_up,17,push_up,22
weighted_explosive_crossover_push_up,18,push_up,22
explosive_push_up,19,push_up,22
weighted_explosive_push_up,20,push_up,22
feet_elevated_side_to_side_push_up,21,push_up,22
weighted_feet_elevated_side_to_side_push_up,22,push_up,22
hand_release_push_up,23,push_up,22
weighted_hand_release_push_up,24,push_up,22
handstand_push_up,25,push_up,22
weighted_handstand_push_up,26,push_up,22
incline_push_up,27,push_up,22
weighted_incline_push_up,28,push_up,22
isometric_explosive_push_up,29,push_up,22
weighted_isometric_explosive_push_up,30,push_up,22
judo_push_up,31,push_up,22
weighted_judo_push_up,32,push_up,22
kneeling_push_up,33,push_up,22
weighted_kneeling_push_up,34,push_up,22
medicine_ball_chest_pass,35,push_up,22
medicine_ball_push_up,36,push_up,22
weighted_medicine_ball_push_up,37,push_up,22
one_arm_push_up,38,push_up,22
weighted_one_arm_push_up,39,push_up,22
weighted_push_up,40,push_up,22
push_up_and_row,41,push_up,22
weighted_push_up_and_row,42,push_up,22
push_up_plus,43,push_up,22
weighted_push_up_plus,44,push_up,22
push_up_with_feet_on_swiss_ball,45,push_up,22
weighted_push_up_with_feet_on_swiss_ball,46,push_up,22
push_up_with_one_hand_on_medicine_ball,47,push_up,22
weighted_push_up_with_one_hand_on_medicine_ball,48,push_up,22
shoulder_push_up,49,push_up,22
weighted_shoulder_push_up,50,push_up,22
single_arm_medicine_ball_push_up,51,push_up,22
weighted_single_arm_medicine_ball_push_up,52,push_up,22
spiderman_push_up,53,push_up,22
weighted_spiderman_push_up,54,push_up,22
stacked_feet_push_up,55,push_up,22
weighted_stacked_feet_push_up,56,push_up,22
staggered_hands_push_up,57,push_up,22
weighted_staggered_hands_push_up,58,push_up,22
suspended_push_up,59,push_up,22
weighted_suspended_push_up,60,push_up,22
swiss_ball_push_up,61,push_up,22
weighted_swiss_ball_push_up,62,push_up,22
swiss_ball_push_up_plus,63,push_up,22
weighted_swiss_ball_push_up_plus,64,push_up,22
t_push_up,65,push_up,22
weighted_t_push_up,66,push_up,22
triple_stop_push_up,67,push_up,22
weighted_triple_stop_push_up,68,push_up,22
wide_hands_push_up,69,push_up,22
weighted_wide_hands_push_up,70,push_up,22
parallette_handstand_push_up,71,push_up,22
weighted_parallette_handstand_push_up,72,push_up,22
ring_handstand_push_up,73,push_up,22
weighted_ring_handstand_push_up,74,push_up,22
ring_push_up,75,push_up,22
weighted_ring_push_up,76,push_up,22
push_up,77,push_up,22
pilates_pushup,78,push_up,22
dynamic_push_up,79,push_up,22
kipping_handstand_push_up,80,push_up,22
shoulder_tapping_push_up,81,push_up,22
biceps_push_up,82,push_up,22
hindu_push_up,83,push_up,22
pike_push_up,84,push_up,22
wide_grip_push_up,85,push_up,22
weighted_biceps_push_up,86,push_up,22
weighted_hindu_push_up,87,push_up,22
weighted_pike_push_up,88,push_up,22
kipping_parallette_handstand_push_up,89,push_up,22
wall_push_up,90,push_up,22
barbell_straight_leg_deadlift_to_row,0,row,23
cable_row_standing,1,row,23
dumbbell_row,2,row,23
elevated_feet_inverted_row,3,row,23
weighted_elevated_feet_inverted_row,4,row,23
face_pull,5,row,23
face_pull_with_external_rotation,6,row,23
inverted_row_with_feet_on_swiss_ball,7,row,23
weighted_inverted_row_with_feet_on_swiss_ball,8,row,23
kettlebell_row,9,row,23
modified_inverted_row,10,row,23
weighted_modified_inverted_row,11,row,23
neutral_grip_alternating_dumbbell_row,12,row,23
one_arm_bent_over_row,13,row,23
one_legged_dumbbell_row,14,row,23
renegade_row,15,row,23
reverse_grip_barbell_row,16,row,23
rope_handle_cable_row,17,row,23
seated_cable_row,18,row,23
seated_dumbbell_row,19,row,23
single_arm_cable_row,20,row,23
single_arm_cable_row_and_rotation,21,row,23
single_arm_inverted_row,22,row,23
weighted_single_arm_inverted_row,23,row,23
single_arm_neutral_grip_dumbbell_row,24,row,23
single_arm_neutral_grip_dumbbell_row_and_rotation,25,row,23
suspended_inverted_row,26,row,23
weighted_suspended_inverted_row,27,row,23
t_bar_row,28,row,23
towel_grip_inverted_row,29,row,23
weighted_towel_grip_inverted_row,30,row,23
underhand_grip_cable_row,31,row,23
v_grip_cable_row,32,row,23
wide_grip_seated_cable_row,33,row,23
alternating_dumbbell_row,34,row,23
inverted_row,35,row,23
row,36,row,23
weighted_row,37,row,23
indoor_row,38,row,23
banded_face_pulls,39,row,23
chest_supported_dumbbell_row,40,row,23
decline_ring_row,41,row,23
elevated_ring_row,42,row,23
rdl_bent_over_row_with_barbell_dumbbell,43,row,23
ring_row,44,row,23
barbell_row,45,row,23
bent_over_row_with_barbell,46,row,23
bent_over_row_with_dumbell,47,row,23
seated_underhand_grip_cable_row,48,row,23
trx_inverted_row,49,row,23
weighted_inverted_row,50,row,23
weighted_trx_inverted_row,51,row,23
dumbbell_row_wheelchair,52,row,23
alternating_dumbbell_shoulder_press,0,shoulder_press,24
arnold_press,1,shoulder_press,24
barbell_front_squat_to_push_press,2,shoulder_press,24
barbell_push_press,3,shoulder_press,24
barbell_shoulder_press,4,shoulder_press,24
dead_curl_press,5,shoulder_press,24
dumbbell_alternating_shoulder_press_and_twist,6,shoulder_press,24
dumbbell_hammer_curl_to_lunge_to_press,7,shoulder_press,24
dumbbell_push_press,8,shoulder_press,24
floor_inverted_shoulder_press,9,shoulder_press,24
weighted_floor_inverted_shoulder_press,10,shoulder_press,24
inverted_shoulder_press,11,shoulder_press,24
weighted_inverted_shoulder_press,12,shoulder_press,24
one_arm_push_press,13,shoulder_press,24
overhead_barbell_press,14,shoulder_press,24
overhead_dumbbell_press,15,shoulder_press,24
seated_barbell_shoulder_press,16,shoulder_press,24
seated_dumbbell_shoulder_press,17,shoulder_press,24
single_arm_dumbbell_shoulder_press,18,shoulder_press,24
single_arm_step_up_and_press,19,shoulder_press,24
smith_machine_overhead_press,20,shoulder_press,24
split_stance_hammer_curl_to_press,21,shoulder_press,24
swiss_ball_dumbbell_shoulder_press,22,shoulder_press,24
weight_plate_front_raise,23,shoulder_press,24
dumbbell_shoulder_press,24,shoulder_press,24
military_press,25,shoulder_press,24
strict_press,27,shoulder_press,24
dumbbell_front_raise,28,shoulder_press,24
dumbbell_curl_to_overhead_press_wheelchair,29,shoulder_press,24
arnold_press_wheelchair,30,shoulder_press,24
overhead_dumbbell_press_wheelchair,31,shoulder_press,24
90_degree_cable_external_rotation,0,shoulder_stability,25
band_external_rotation,1,shoulder_stability,25
band_internal_rotation,2,shoulder_stability,25
bent_arm_lateral_raise_and_external_rotation,3,shoulder_stability,25
cable_external_rotation,4,shoulder_stability,25
dumbbell_face_pull_with_external_rotation,5,shoulder_stability,25
floor_i_raise,6,shoulder_stability,25
weighted_floor_i_raise,7,shoulder_stability,25
floor_t_raise,8,shoulder_stability,25
weighted_floor_t_raise,9,shoulder_stability,25
floor_y_raise,10,shoulder_stability,25
weighted_floor_y_raise,11,shoulder_stability,25
incline_i_raise,12,shoulder_stability,25
weighted_incline_i_raise,13,shoulder_stability,25
incline_l_raise,14,shoulder_stability,25
weighted_incline_l_raise,15,shoulder_stability,25
incline_t_raise,16,shoulder_stability,25
weighted_incline_t_raise,17,shoulder_stability,25
incline_w_raise,18,shoulder_stability,25
weighted_incline_w_raise,19,shoulder_stability,25
incline_y_raise,20,shoulder_stability,25
weighted_incline_y_raise,21,shoulder_stability,25
lying_external_rotation,22,shoulder_stability,25
seated_dumbbell_external_rotation,23,shoulder_stability,25
standing_l_raise,24,shoulder_stability,25
swiss_ball_i_raise,25,shoulder_stability,25
weighted_swiss_ball_i_raise,26,shoulder_stability,25
swiss_ball_t_raise,27,shoulder_stability,25
weighted_swiss_ball_t_raise,28,shoulder_stability,25
swiss_ball_w_raise,29,shoulder_stability,25
weighted_swiss_ball_w_raise,30,shoulder_stability,25
swiss_ball_y_raise,31,shoulder_stability,25
weighted_swiss_ball_y_raise,32,shoulder_stability,25
cable_internal_rotation,33,shoulder_stability,25
lying_internal_rotation,34,shoulder_stability,25
seated_dumbbell_internal_rotation,35,shoulder_stability,25
barbell_jump_shrug,0,shrug,26
barbell_shrug,1,shrug,26
barbell_upright_row,2,shrug,26
behind_the_back_smith_machine_shrug,3,shrug,26
dumbbell_jump_shrug,4,shrug,26
dumbbell_shrug,5,shrug,26
dumbbell_upright_row,6,shrug,26
incline_dumbbell_shrug,7,shrug,26
overhead_barbell_shrug,8,shrug,26
overhead_dumbbell_shrug,9,shrug,26
scaption_and_shrug,10,shrug,26
scapular_retraction,11,shrug,26
serratus_chair_shrug,12,shrug,26
weighted_serratus_chair_shrug,13,shrug,26
serratus_shrug,14,shrug,26
weighted_serratus_shrug,15,shrug,26
wide_grip_jump_shrug,16,shrug,26
wide_grip_barbell_shrug,17,shrug,26
behind_the_back_shrug,18,shrug,26
dumbbell_shrug_wheelchair,19,shrug,26
shrug_wheelchair,20,shrug,26
shrug_arm_down_wheelchair,21,shrug,26
shrug_arm_mid_wheelchair,22,shrug,26
shrug_arm_up_wheelchair,23,shrug,26
upright_row,24,shrug,26
alternating_sit_up,0,sit_up,27
weighted_alternating_sit_up,1,sit_up,27
bent_knee_v_up,2,sit_up,27
weighted_bent_knee_v_up,3,sit_up,27
butterfly_sit_up,4,sit_up,27
weighted_butterfly_situp,5,sit_up,27
cross_punch_roll_up,6,sit_up,27
weighted_cross_punch_roll_up,7,sit_up,27
crossed_arms_sit_up,8,sit_up,27
weighted_crossed_arms_sit_up,9,sit_up,27
get_up_sit_up,10,sit_up,27
weighted_get_up_sit_up,11,sit_up,27
hovering_sit_up,12,sit_up,27
weighted_hovering_sit_up,13,sit_up,27
kettlebell_sit_up,14,sit_up,27
medicine_ball_alternating_v_up,15,sit_up,27
medicine_ball_sit_up,16,sit_up,27
medicine_ball_v_up,17,sit_up,27
modified_sit_up,18,sit_up,27
negative_sit_up,19,sit_up,27
one_arm_full_sit_up,20,sit_up,27
reclining_circle,21,sit_up,27
weighted_reclining_circle,22,sit_up,27
reverse_curl_up,23,sit_up,27
weighted_reverse_curl_up,24,sit_up,27
single_leg_swiss_ball_jackknife,25,sit_up,27
weighted_single_leg_swiss_ball_jackknife,26,sit_up,27
the_teaser,27,sit_up,27
the_teaser_weighted,28,sit_up,27
three_part_roll_down,29,sit_up,27
weighted_three_part_roll_down,30,sit_up,27
v_up,31,sit_up,27
weighted_v_up,32,sit_up,27
weighted_russian_twist_on_swiss_ball,33,sit_up,27
weighted_sit_up,34,sit_up,27
x_abs,35,sit_up,27
weighted_x_abs,36,sit_up,27
sit_up,37,sit_up,27
ghd_sit_ups,38,sit_up,27
sit_up_turkish_get_up,39,sit_up,27
russian_twist_on_swiss_ball,40,sit_up,27
leg_press,0,squat,28
back_squat_with_body_bar,1,squat,28
back_squats,2,squat,28
weighted_back_squats,3,squat,28
balancing_squat,4,squat,28
weighted_balancing_squat,5,squat,28
barbell_back_squat,6,squat,28
barbell_box_squat,7,squat,28
barbell_front_squat,8,squat,28
barbell_hack_squat,9,squat,28
barbell_hang_squat_snatch,10,squat,28
barbell_lateral_step_up,11,squat,28
barbell_quarter_squat,12,squat,28
barbell_siff_squat,13,squat,28
barbell_squat_snatch,14,squat,28
barbell_squat_with_heels_raised,15,squat,28
barbell_stepover,16,squat,28
barbell_step_up,17,squat,28
bench_squat_with_rotational_chop,18,squat,28
weighted_bench_squat_with_rotational_chop,19,squat,28
body_weight_wall_squat,20,squat,28
weighted_wall_squat,21,squat,28
box_step_squat,22,squat,28
weighted_box_step_squat,23,squat,28
braced_squat,24,squat,28
crossed_arm_barbell_front_squat,25,squat,28
crossover_dumbbell_step_up,26,squat,28
dumbbell_front_squat,27,squat,28
dumbbell_split_squat,28,squat,28
dumbbell_squat,29,squat,28
dumbbell_squat_clean,30,squat,28
dumbbell_stepover,31,squat,28
dumbbell_step_up,32,squat,28
elevated_single_leg_squat,33,squat,28
weighted_elevated_single_leg_squat,34,squat,28
figure_four_squats,35,squat,28
weighted_figure_four_squats,36,squat,28
goblet_squat,37,squat,28
kettlebell_squat,38,squat,28
kettlebell_swing_overhead,39,squat,28
kettlebell_swing_with_flip_to_squat,40,squat,28
lateral_dumbbell_step_up,41,squat,28
one_legged_squat,42,squat,28
overhead_dumbbell_squat,43,squat,28
overhead_squat,44,squat,28
partial_single_leg_squat,45,squat,28
weighted_partial_single_leg_squat,46,squat,28
pistol_squat,47,squat,28
weighted_pistol_squat,48,squat,28
plie_slides,49,squat,28
weighted_plie_slides,50,squat,28
plie_squat,51,squat,28
weighted_plie_squat,52,squat,28
prisoner_squat,53,squat,28
weighted_prisoner_squat,54,squat,28
single_leg_bench_get_up,55,squat,28
weighted_single_leg_bench_get_up,56,squat,28
single_leg_bench_squat,57,squat,28
weighted_single_leg_bench_squat,58,squat,28
single_leg_squat_on_swiss_ball,59,squat,28
weighted_single_leg_squat_on_swiss_ball,60,squat,28
squat,61,squat,28
weighted_squat,62,squat,28
squats_with_band,63,squat,28
staggered_squat,64,squat,28
weighted_staggered_squat,65,squat,28
step_up,66,squat,28
weighted_step_up,67,squat,28
suitcase_squats,68,squat,28
sumo_squat,69,squat,28
sumo_squat_slide_in,70,squat,28
weighted_sumo_squat_slide_in,71,squat,28
sumo_squat_to_high_pull,72,squat,28
sumo_squat_to_stand,73,squat,28
weighted_sumo_squat_to_stand,74,squat,28
sumo_squat_with_rotation,75,squat,28
weighted_sumo_squat_with_rotation,76,squat,28
swiss_ball_body_weight_wall_squat,77,squat,28
weighted_swiss_ball_wall_squat,78,squat,28
thrusters,79,squat,28
uneven_squat,80,squat,28
weighted_uneven_squat,81,squat,28
waist_slimming_squat,82,squat,28
wall_ball,83,squat,28
wide_stance_barbell_squat,84,squat,28
wide_stance_goblet_squat,85,squat,28
zercher_squat,86,squat,28
kbs_overhead,87,squat,28
squat_and_side_kick,88,squat,28
squat_jumps_in_n_out,89,squat,28
pilates_plie_squats_parallel_turned_out_flat_and_heels,90,squat,28
releve_straight_leg_and_knee_bent_with_one_leg_variation,91,squat,28
alternating_box_dumbbell_step_ups,92,squat,28
dumbbell_overhead_squat_single_arm,93,squat,28
dumbbell_squat_snatch,94,squat,28
medicine_ball_squat,95,squat,28
wall_ball_squat_and_press,97,squat,28
squat_american_swing,98,squat,28
air_squat,100,squat,28
dumbbell_thrusters,101,squat,28
overhead_barbell_squat,102,squat,28
burpee,0,total_body,29
weighted_burpee,1,total_body,29
burpee_box_jump,2,total_body,29
weighted_burpee_box_jump,3,total_body,29
high_pull_burpee,4,total_body,29
man_makers,5,total_body,29
one_arm_burpee,6,total_body,29
squat_thrusts,7,total_body,29
weighted_squat_thrusts,8,total_body,29
squat_plank_push_up,9,total_body,29
weighted_squat_plank_push_up,10,total_body,29
standing_t_rotation_balance,11,total_body,29
weighted_standing_t_rotation_balance,12,total_body,29
barbell_burpee,13,total_body,29
burpee_box_jump_over_yes_literally_jumping_over_the_box,15,total_body,29
burpee_box_jump_step_up_over,16,total_body,29
lateral_barbell_burpee,17,total_body,29
total_body_burpee_over_bar,18,total_body,29
burpee_box_jump_over,19,total_body,29
burpee_wheelchair,20,total_body,29
bench_dip,0,triceps_extension,30
weighted_bench_dip,1,triceps_extension,30
body_weight_dip,2,triceps_extension,30
cable_kickback,3,triceps_extension,30
cable_lying_triceps_extension,4,triceps_extension,30
cable_overhead_triceps_extension,5,triceps_extension,30
dumbbell_kickback,6,triceps_extension,30
dumbbell_lying_triceps_extension,7,triceps_extension,30
ez_bar_overhead_triceps_extension,8,triceps_extension,30
incline_dip,9,triceps_extension,30
weighted_incline_dip,10,triceps_extension,30
incline_ez_bar_lying_triceps_extension,11,triceps_extension,30
lying_dumbbell_pullover_to_extension,12,triceps_extension,30
lying_ez_bar_triceps_extension,13,triceps_extension,30
lying_triceps_extension_to_close_grip_bench_press,14,triceps_extension,30
overhead_dumbbell_triceps_extension,15,triceps_extension,30
reclining_triceps_press,16,triceps_extension,30
reverse_grip_pressdown,17,triceps_extension,30
reverse_grip_triceps_pressdown,18,triceps_extension,30
rope_pressdown,19,triceps_extension,30
seated_barbell_overhead_triceps_extension,20,triceps_extension,30
seated_dumbbell_overhead_triceps_extension,21,triceps_extension,30
seated_ez_bar_overhead_triceps_extension,22,triceps_extension,30
seated_single_arm_overhead_dumbbell_extension,23,triceps_extension,30
single_arm_dumbbell_overhead_triceps_extension,24,triceps_extension,30
single_dumbbell_seated_overhead_triceps_extension,25,triceps_extension,30
single_leg_bench_dip_and_kick,26,triceps_extension,30
weighted_single_leg_bench_dip_and_kick,27,triceps_extension,30
single_leg_dip,28,triceps_extension,30
weighted_single_leg_dip,29,triceps_extension,30
static_lying_triceps_extension,30,triceps_extension,30
suspended_dip,31,triceps_extension,30
weighted_suspended_dip,32,triceps_extension,30
swiss_ball_dumbbell_lying_triceps_extension,33,triceps_extension,30
swiss_ball_ez_bar_lying_triceps_extension,34,triceps_extension,30
swiss_ball_ez_bar_overhead_triceps_extension,35,triceps_extension,30
tabletop_dip,36,triceps_extension,30
weighted_tabletop_dip,37,triceps_extension,30
triceps_extension_on_floor,38,triceps_extension,30
triceps_pressdown,39,triceps_extension,30
weighted_dip,40,triceps_extension,30
alternating_dumbbell_lying_triceps_extension,41,triceps_extension,30
triceps_press,42,triceps_extension,30
dumbbell_kickback_wheelchair,43,triceps_extension,30
overhead_dumbbell_triceps_extension_wheelchair,44,triceps_extension,30
quadruped_rocking,0,warm_up,31
neck_tilts,1,warm_up,31
ankle_circles,2,warm_up,31
ankle_dorsiflexion_with_band,3,warm_up,31
ankle_internal_rotation,4,warm_up,31
arm_circles,5,warm_up,31
bent_over_reach_to_sky,6,warm_up,31
cat_camel,7,warm_up,31
elbow_to_foot_lunge,8,warm_up,31
forward_and_backward_leg_swings,9,warm_up,31
groiners,10,warm_up,31
inverted_hamstring_stretch,11,warm_up,31
lateral_duck_under,12,warm_up,31
neck_rotations,13,warm_up,31
opposite_arm_and_leg_balance,14,warm_up,31
reach_roll_and_lift,15,warm_up,31
scorpion,16,warm_up,31
shoulder_circles,17,warm_up,31
side_to_side_leg_swings,18,warm_up,31
sleeper_stretch,19,warm_up,31
slide_out,20,warm_up,31
swiss_ball_hip_crossover,21,warm_up,31
swiss_ball_reach_roll_and_lift,22,warm_up,31
swiss_ball_windshield_wipers,23,warm_up,31
thoracic_rotation,24,warm_up,31
walking_high_kicks,25,warm_up,31
walking_high_knees,26,warm_up,31
walking_knee_hugs,27,warm_up,31
walking_leg_cradles,28,warm_up,31
walkout,29,warm_up,31
walkout_from_push_up_position,30,warm_up,31
biceps_stretch,31,warm_up,31
glutes_stretch,32,warm_up,31
standing_hamstring_stretch,33,warm_up,31
stretch_90_90,34,warm_up,31
stretch_abs,35,warm_up,31
stretch_butterfly,36,warm_up,31
stretch_calf,37,warm_up,31
stretch_cat_cow,38,warm_up,31
stretch_childs_pose,39,warm_up,31
stretch_cobra,40,warm_up,31
stretch_forearms,41,warm_up,31
stretch_forward_glutes,42,warm_up,31
stretch_front_split,43,warm_up,31
stretch_hamstring,44,warm_up,31
stretch_hip_flexor_and_quad,45,warm_up,31
stretch_lat,46,warm_up,31
stretch_levator_scapulae,47,warm_up,31
stretch_lunge_with_spinal_twist,48,warm_up,31
stretch_lunging_hip_flexor,49,warm_up,31
stretch_lying_abduction,50,warm_up,31
stretch_lying_it_band,51,warm_up,31
stretch_lying_knee_to_chest,52,warm_up,31
stretch_lying_piriformis,53,warm_up,31
stretch_lying_spinal_twist,54,warm_up,31
stretch_neck,55,warm_up,31
stretch_obliques,56,warm_up,31
stretch_over_under_shoulder,57,warm_up,31
stretch_pectoral,58,warm_up,31
stretch_pigeon_pose,59,warm_up,31
stretch_piriformis,60,warm_up,31
stretch_quad,61,warm_up,31
stretch_scorpion,62,warm_up,31
stretch_shoulder,63,warm_up,31
stretch_side,64,warm_up,31
stretch_side_lunge,65,warm_up,31
stretch_side_split,66,warm_up,31
stretch_standing_it_band,67,warm_up,31
stretch_straddle,68,warm_up,31
stretch_triceps,69,warm_up,31
stretch_wall_chest_and_shoulder,70,warm_up,31
neck_rotations_wheelchair,71,warm_up,31
half_kneeling_arm_rotation,72,warm_up,31
three_way_ankle_mobilization,73,warm_up,31
ninety_ninety_hip_switch,74,warm_up,31
active_frog,75,warm_up,31
shoulder_sweeps,76,warm_up,31
ankle_lunges,77,warm_up,31
back_roll_foam_roller,78,warm_up,31
bear_crawl,79,warm_up,31
latissimus_dorsi_foam_roll,80,warm_up,31
reverse_t_hip_opener,81,warm_up,31
shoulder_rolls,82,warm_up,31
chest_openers,83,warm_up,31
triceps_stretch,84,warm_up,31
upper_back_stretch,85,warm_up,31
hip_circles,86,warm_up,31
ankle_stretch,87,warm_up,31
marching_in_place,88,warm_up,31
triceps_stretch_wheelchair,89,warm_up,31
upper_back_stretch_wheelchair,90,warm_up,31
run,0,run,32
walk,1,run,32
jog,2,run,32
sprint,3,run,32
run_or_walk,4,run,32
speed_walk,5,run,32
warm_up,6,run,32
bike,0,bike,33
ride,1,bike,33
sprint,2,bike,33
arch_and_curl,0,move,35
arm_circles_with_ball_band_and_weight,1,move,35
arm_stretch,2,move,35
back_massage,3,move,35
belly_breathing,4,move,35
bridge_with_ball,5,move,35
diamond_leg_crunch,6,move,35
diamond_leg_lift,7,move,35
eight_point_shoulder_opener,8,move,35
foot_rolling,9,move,35
footwork,10,move,35
footwork_on_disc,11,move,35
forward_fold,12,move,35
frog_with_band,13,move,35
half_roll_up,14,move,35
hamstring_curl,15,move,35
hamstring_stretch,16,move,35
hip_stretch,17,move,35
hug_a_tree_with_ball_band_and_weight,18,move,35
knee_circles,19,move,35
knee_folds_on_disc,20,move,35
lateral_flexion,21,move,35
leg_stretch_with_band,22,move,35
leg_stretch_with_leg_circles,23,move,35
lower_lift_on_disc,24,move,35
lunge_squat,25,move,35
lunges_with_knee_lift,26,move,35
mermaid_stretch,27,move,35
neutral_pelvic_position,28,move,35
pelvic_clocks_on_disc,29,move,35
pilates_plie_squats_parallel_turned_out_flat_and_heels_with_chair,30,move,35
piriformis_stretch,31,move,35
plank_knee_crosses,32,move,35
plank_knee_pulls,33,move,35
plank_up_downs,34,move,35
prayer_mudra,35,move,35
psoas_lunge_stretch,36,move,35
ribcage_breathing,37,move,35
roll_down,38,move,35
roll_up_with_weight_and_band,39,move,35
saw,40,move,35
scapular_stabilization,41,move,35
scissors_on_disc,42,move,35
seated_hip_stretchup,43,move,35
seated_twist,44,move,35
shaving_the_head_with_ball_band_and_weight,45,move,35
spinal_twist,46,move,35
spinal_twist_stretch,47,move,35
spine_stretch_forward,48,move,35
squat_open_arm_twist_pose,49,move,35
squats_with_ball,50,move,35
stand_and_hang,51,move,35
standing_side_stretch,52,move,35
standing_single_leg_forward_bend_with_it_band_opener,53,move,35
straight_leg_crunch_with_leg_lift,54,move,35
straight_leg_crunch_with_leg_lift_with_ball,55,move,35
straight_leg_crunch_with_legs_crossed,56,move,35
straight_leg_crunch_with_legs_crossed_with_ball,57,move,35
straight_leg_diagonal_crunch,58,move,35
straight_leg_diagonal_crunch_with_ball,59,move,35
tailbone_curl,60,move,35
throat_lock,61,move,35
tick_tock_side_roll,62,move,35
twist,63,move,35
v_leg_crunches,64,move,35
v_sit,65,move,35
forward_fold_wheelchair,66,move,35
forward_fold_plus_wheelchair,67,move,35
arm_circles_low_forward_wheelchair,68,move,35
arm_circles_mid_forward_wheelchair,69,move,35
arm_circles_high_forward_wheelchair,70,move,35
arm_circles_low_backward_wheelchair,71,move,35
arm_circles_mid_backward_wheelchair,72,move,35
arm_circles_high_backward_wheelchair,73,move,35
core_twists_wheelchair,74,move,35
arm_raise_wheelchair,75,move,35
chest_expand_wheelchair,76,move,35
arm_extend_wheelchair,77,move,35
forward_bend_wheelchair,78,move,35
toe_touch_wheelchair,79,move,35
extended_toe_touch_wheelchair,80,move,35
seated_arm_circles,81,move,35
trunk_rotations,82,move,35
seated_trunk_rotations,83,move,35
toe_touch,84,move,35
all_fours,0,pose,36
ankle_to_knee,1,pose,36
baby_cobra,2,pose,36
boat,3,pose,36
bound_angle,4,pose,36
bound_seated_single_leg_forward_bend,5,pose,36
bow,6,pose,36
bowed_half_moon,7,pose,36
bridge,8,pose,36
cat,9,pose,36
chair,10,pose,36
childs,11,pose,36
corpse,12,pose,36
cow_face,13,pose,36
cow,14,pose,36
devotional_warrior,15,pose,36
dolphin_plank,16,pose,36
dolphin,17,pose,36
down_dog_knee_to_nose,18,pose,36
down_dog_split,19,pose,36
down_dog_split_open_hip_bent_knee,20,pose,36
downward_facing_dog,21,pose,36
eagle,22,pose,36
easy_seated,23,pose,36
extended_puppy,24,pose,36
extended_side_angle,25,pose,36
fish,26,pose,36
four_limbed_staff,27,pose,36
full_split,28,pose,36
gate,29,pose,36
half_chair_half_ankle_to_knee,30,pose,36
half_moon,31,pose,36
head_to_knee,32,pose,36
heron,33,pose,36
heros,34,pose,36
high_lunge,35,pose,36
knees_chest_chin,36,pose,36
lizard,37,pose,36
locust,38,pose,36
low_lunge,39,pose,36
low_lunge_twist,40,pose,36
low_lunge_with_knee_down,41,pose,36
mermaid,42,pose,36
mountain,43,pose,36
one_legged_downward_facing_pose_open_hip_bent_knee,44,pose,36
one_legged_pigeon,45,pose,36
peaceful_warrior,46,pose,36
plank,47,pose,36
plow,48,pose,36
reclined_hand_to_foot,49,pose,36
revolved_half_moon,50,pose,36
revolved_head_to_knee,51,pose,36
revolved_triangle,52,pose,36
runners_lunge,53,pose,36
seated_easy_side_bend,54,pose,36
seated_easy_twist,55,pose,36
seated_long_leg_forward_bend,56,pose,36
seated_wide_leg_forward_bend,57,pose,36
shoulder_stand,58,pose,36
side_boat,59,pose,36
side_plank,60,pose,36
sphinx,61,pose,36
squat_open_arm_twist,62,pose,36
squat_palm_press,63,pose,36
staff,64,pose,36
standing_arms_up,65,pose,36
standing_forward_bend_halfway_up,66,pose,36
standing_forward_bend,67,pose,36
standing_side_opener,68,pose,36
standing_single_leg_forward_bend,69,pose,36
standing_split,70,pose,36
standing_wide_leg_forward_bend,71,pose,36
standing_wide_leg_forward_bend_with_twist,72,pose,36
supine_spinal_twist,73,pose,36
table_top,74,pose,36
thread_the_needle,75,pose,36
thunderbolt,76,pose,36
thunderbolt_pose_both_sides_arm_stretch,77,pose,36
tree,78,pose,36
triangle,79,pose,36
up_dog,80,pose,36
upward_facing_plank,81,pose,36
warrior_one,82,pose,36
warrior_three,83,pose,36
warrior_two,84,pose,36
wheel,85,pose,36
wide_side_lunge,86,pose,36
deep_breathing_wheelchair,87,pose,36
deep_breathing_low_wheelchair,88,pose,36
deep_breathing_mid_wheelchair,89,pose,36
deep_breathing_high_wheelchair,90,pose,36
prayer_wheelchair,91,pose,36
overhead_prayer_wheelchair,92,pose,36
cactus_wheelchair,93,pose,36
breathing_punches_wheelchair,94,pose,36
breathing_punches_extended_wheelchair,95,pose,36
breathing_punches_overhead_wheelchair,96,pose,36
breathing_punches_overhead_and_down_wheelchair,97,pose,36
breathing_punches_side_wheelchair,98,pose,36
breathing_punches_extended_side_wheelchair,99,pose,36
breathing_punches_overhead_side_wheelchair,100,pose,36
breathing_punches_overhead_and_down_side_wheelchair,101,pose,36
left_hand_back_wheelchair,102,pose,36
triangle_wheelchair,103,pose,36
thread_the_needle_wheelchair,104,pose,36
neck_flexion_and_extension_wheelchair,105,pose,36
neck_lateral_flexion_wheelchair,106,pose,36
spine_flexion_and_extension_wheelchair,107,pose,36
spine_rotation_wheelchair,108,pose,36
spine_lateral_flexion_wheelchair,109,pose,36
alternative_skiing_wheelchair,110,pose,36
reach_forward_wheelchair,111,pose,36
warrior_wheelchair,112,pose,36
reverse_warrior_wheelchair,113,pose,36
downward_facing_dog_to_cobra,114,pose,36
seated_cat_cow,115,pose,36
ab_twist,1,banded_exercises,37
back_extension,2,banded_exercises,37
bicycle_crunch,3,banded_exercises,37
calf_raises,4,banded_exercises,37
chest_press,5,banded_exercises,37
clam_shells,6,banded_exercises,37
curl,7,banded_exercises,37
deadbug,8,banded_exercises,37
deadlift,9,banded_exercises,37
donkey_kick,10,banded_exercises,37
external_rotation,11,banded_exercises,37
external_rotation_at_90_degree_abduction,12,banded_exercises,37
face_pull,13,banded_exercises,37
fire_hydrant,14,banded_exercises,37
fly,15,banded_exercises,37
front_raise,16,banded_exercises,37
glute_bridge,17,banded_exercises,37
hamstring_curls,18,banded_exercises,37
high_plank_leg_lifts,19,banded_exercises,37
hip_extension,20,banded_exercises,37
internal_rotation,21,banded_exercises,37
jumping_jack,22,banded_exercises,37
kneeling_crunch,23,banded_exercises,37
lateral_band_walks,24,banded_exercises,37
lateral_raise,25,banded_exercises,37
latpull,26,banded_exercises,37
leg_abduction,27,banded_exercises,37
leg_adduction,28,banded_exercises,37
leg_extension,29,banded_exercises,37
lunge,30,banded_exercises,37
plank,31,banded_exercises,37
pull_apart,32,banded_exercises,37
push_ups,33,banded_exercises,37
reverse_crunch,34,banded_exercises,37
row,35,banded_exercises,37
shoulder_abduction,36,banded_exercises,37
shoulder_extension,37,banded_exercises,37
shoulder_external_rotation,38,banded_exercises,37
shoulder_flexion_to_90_degrees,39,banded_exercises,37
side_plank_leg_lifts,40,banded_exercises,37
side_raise,41,banded_exercises,37
squat,42,banded_exercises,37
squat_to_press,43,banded_exercises,37
tricep_extension,44,banded_exercises,37
tricep_kickback,45,banded_exercises,37
upright_row,46,banded_exercises,37
wall_crawl_with_external_rotation,47,banded_exercises,37
lateral_raise_wheelchair,49,banded_exercises,37
triceps_extension_wheelchair,50,banded_exercises,37
chest_fly_incline_wheelchair,51,banded_exercises,37
chest_fly_decline_wheelchair,52,banded_exercises,37
pull_down_wheelchair,53,banded_exercises,37
straight_arm_pull_down_wheelchair,54,banded_exercises,37
curl_wheelchair,55,banded_exercises,37
overhead_curl_wheelchair,56,banded_exercises,37
face_pull_wheelchair,57,banded_exercises,37
around_the_world_wheelchair,58,banded_exercises,37
pull_apart_wheelchair,59,banded_exercises,37
side_curl_wheelchair,60,banded_exercises,37
overhead_press_wheelchair,61,banded_exercises,37
alternating_figure_eight,0,battle_rope,38
alternating_jump_wave,1,battle_rope,38
alternating_kneeling_to_standing_wave,2,battle_rope,38
alternating_lunge_wave,3,battle_rope,38
alternating_squat_wave,4,battle_rope,38
alternating_wave,5,battle_rope,38
alternating_wave_with_lateral_shuffle,6,battle_rope,38
clap_wave,7,battle_rope,38
double_arm_figure_eight,8,battle_rope,38
double_arm_side_to_side_snake,9,battle_rope,38
double_arm_side_wave,10,battle_rope,38
double_arm_slam,11,battle_rope,38
double_arm_wave,12,battle_rope,38
grappler_toss,13,battle_rope,38
hip_toss,14,battle_rope,38
in_and_out_wave,15,battle_rope,38
inside_circle,16,battle_rope,38
jumping_jacks,17,battle_rope,38
outside_circle,18,battle_rope,38
rainbow,19,battle_rope,38
side_plank_wave,20,battle_rope,38
sidewinder,21,battle_rope,38
sitting_russian_twist,22,battle_rope,38
snake_wave,23,battle_rope,38
split_jack,24,battle_rope,38
stage_coach,25,battle_rope,38
ultimate_warrior,26,battle_rope,38
upper_cuts,27,battle_rope,38
elliptical,0,elliptical,39
floor_climb,0,floor_climb,40
air_bike,0,indoor_bike,41
assault_bike,1,indoor_bike,41
stationary_bike,3,indoor_bike,41
rowing_machine,0,indoor_row,42
agility,0,ladder,43
speed,1,ladder,43
around_the_world,0,sandbag,44
back_squat,1,sandbag,44
bear_crawl_pull_through,2,sandbag,44
bear_hug_squat,3,sandbag,44
clean,4,sandbag,44
clean_and_press,5,sandbag,44
curl,6,sandbag,44
front_carry,7,sandbag,44
front_squat,8,sandbag,44
lunge,9,sandbag,44
overhead_press,10,sandbag,44
plank_pull_through,11,sandbag,44
rotational_lunge,12,sandbag,44
row,13,sandbag,44
russian_twist,14,sandbag,44
shouldering,15,sandbag,44
shoveling,16,sandbag,44
side_lunge,17,sandbag,44
sprint,18,sandbag,44
zercher_squat,19,sandbag,44
backward_drag,0,sled,45
chest_press,1,sled,45
forward_drag,2,sled,45
low_push,3,sled,45
push,4,sled,45
row,5,sled,45
lateral_swing,0,sledge_hammer,46
hammer_slam,1,sledge_hammer,46
stair_stepper,0,stair_stepper,47
chest_fly,0,suspension,49
chest_press,1,suspension,49
crunch,2,suspension,49
curl,3,suspension,49
dip,4,suspension,49
face_pull,5,suspension,49
glute_bridge,6,suspension,49
hamstring_curl,7,suspension,49
hip_drop,8,suspension,49
inverted_row,9,suspension,49
knee_drive_jump,10,suspension,49
knee_to_chest,11,suspension,49
lat_pullover,12,suspension,49
lunge,13,suspension,49
mountain_climber,14,suspension,49
pendulum,15,suspension,49
pike,16,suspension,49
plank,17,suspension,49
power_pull,18,suspension,49
pull_up,19,suspension,49
push_up,20,suspension,49
reverse_mountain_climber,21,suspension,49
reverse_plank,22,suspension,49
rollout,23,suspension,49
row,24,suspension,49
side_lunge,25,suspension,49
side_plank,26,suspension,49
single_leg_deadlift,27,suspension,49
single_leg_squat,28,suspension,49
sit_up,29,suspension,49
split,30,suspension,49
squat,31,suspension,49
squat_jump,32,suspension,49
tricep_press,33,suspension,49
y_fly,34,suspension,49
flip,0,tire,50
indoor_track_run,0,run_indoor,52
treadmill,1,run_indoor,52
bike,0,bike_outdoor,53
